idpm;ih;latitud;longitud
5504;256.0;39,435795332966;-0,39468641255548
5503;165.0;39,4358838721955;-0,395100851199356
5501;186.0;39,4361189428472;-0,397389366272636
5502;123.0;39,4361329391657;-0,397170337890562
4326;184.0;39,4418006167664;-0,371862969996983
4116;4437.0;39,4422783522805;-0,391900950635733
4117;2919.0;39,4423811933534;-0,391642625485116
4329;527.0;39,4444246976028;-0,374701238096703
4330;395.0;39,4444714627792;-0,371157855387767
4315;402.0;39,4447374758947;-0,379955425396479
4328;621.0;39,4448345237711;-0,378653492088029
4316;534.0;39,4448966082644;-0,380076537628466
4304;7865.0;39,4448990768965;-0,368856283744215
4317;;39,4449122750823;-0,379588605606448
4318;;39,4449178326299;-0,379305666907083
4109;2332.0;39,4449800928165;-0,386890188327959
4302;1936.0;39,4450627054742;-0,370988302239846
4322;1798.0;39,4451235865399;-0,371110953098038
4327;786.0;39,445132548106;-0,378702766234427
4303;10228.0;39,4451710648367;-0,369068526645679
4313;3291.0;39,4452824709044;-0,37817224119679
4323;1682.0;39,4452862358136;-0,370986863138701
4324;3164.0;39,4454341403423;-0,378311884141514
4325;5970.0;39,4456493588918;-0,381985232249736
4310;2715.0;39,4456672078951;-0,380548680313363
4107;2303.0;39,4457411713602;-0,386657096209108
4301;1713.0;39,4458499605512;-0,36999960737235
4319;125.0;39,4459987652212;-0,378776667476958
4122;4881.0;39,446111836262;-0,384591858224596
4312;926.0;39,4463403397467;-0,380130625396509
4308;452.0;39,4463892489309;-0,367040077942476
4106;2768.0;39,4466070338015;-0,386785523972434
4309;3516.0;39,4468636145243;-0,366762400748639
4105;2667.0;39,4469626116598;-0,388900789866819
2327;1163.0;39,4470139717164;-0,380039750172136
4108;2120.0;39,4473110550934;-0,385978585512839
2326;867.0;39,447314221333;-0,379889229939235
4306;407.0;39,447388596509;-0,367646212597964
4307;223.0;39,4474927217172;-0,367774358027411
4320;5175.0;39,4475847582639;-0,369190194183654
4104;2747.0;39,4475914397288;-0,390967726679303
4103;3490.0;39,4476291446665;-0,391791525423542
4305;3537.0;39,4476973575585;-0,365662166615778
4115;264.0;39,4477909589952;-0,387988338007639
2235;4095.0;39,4483085613272;-0,369637140928305
2233;1423.0;39,4483673597673;-0,369496930794481
2233;1423.0;39,4483673597673;-0,369496930794481
2232;6269.0;39,4488503717134;-0,370201766070597
4102;3053.0;39,4489395078037;-0,393616768896609
2325;1068.0;39,4489497957673;-0,379578888124879
4121;54.0;39,4489760714204;-0,393043402991905
2324;771.0;39,4491883869572;-0,379430708993683
3407;4885.0;39,4493084710828;-0,360870913517102
4507;250.0;39,4497033207621;-0,336159913719637
1908;1461.0;39,4498700343707;-0,385207665429518
2222;218.0;39,450052604208;-0,369518104002462
4509;326.0;39,4502543581479;-0,335310579805871
4101;2674.0;39,4503375082928;-0,395433188596691
3406;5561.0;39,4503584976633;-0,359151458069816
2221;345.0;39,4503771230707;-0,369819197313473
2220;2258.0;39,4506027392069;-0,37013965737681
2218;1227.0;39,4506430238692;-0,36971117009391
4505;388.0;39,4507481405663;-0,340729606286933
4123;4725.0;39,4507707686424;-0,396281079625401
4510;29.0;39,4507999220827;-0,340952821421234
2323;1087.0;39,4508844972232;-0,379102317502194
4508;92.0;39,451112877066;-0,335285117022105
2307;222.0;39,4512761420524;-0,375088567016307
4504;1039.0;39,4513484968657;-0,340501376146508
1904;949.0;39,4513799044208;-0,393692668258746
2322;782.0;39,4514120422544;-0,378881679794815
3402;2172.0;39,4515245113028;-0,350664416553453
2219;409.0;39,4515356912628;-0,370559306754296
1909;1961.0;39,4515391331463;-0,384790270744569
2308;769.0;39,4515551229424;-0,375191695776654
2217;1997.0;39,4515635811699;-0,367865589302857
4506;532.0;39,4515873589268;-0,341066148380742
2236;4301.0;39,451823399974;-0,37230296359217
2237;4325.0;39,4519788238039;-0,372197937169544
4503;1234.0;39,4520581991885;-0,337752480099002
3404;6702.0;39,4521387772395;-0,354249080310147
3409;719.0;39,4521706753179;-0,347884813864799
3408;774.0;39,4522468420426;-0,347772585922829
2309;312.0;39,4523826631977;-0,375842755723224
4502;1206.0;39,4524191084321;-0,33679697409664
1903;1383.0;39,4524380610842;-0,393084318717929
3405;9489.0;39,4525021463013;-0,354120449370293
2234;1934.0;39,4525381491472;-0,365575090656516
2234;1934.0;39,4525381491472;-0,365575090656516
2310;482.0;39,4525409207112;-0,375679550630337
2214;1549.0;39,4526391384625;-0,365014382416151
2321;589.0;39,4526396365428;-0,378656301160544
2312;306.0;39,4526471341402;-0,376419736678854
2320;440.0;39,452749780873;-0,378417561241568
2238;825.0;39,4527559526353;-0,372362172197439
2215;576.0;39,4528674164591;-0,365500572590142
2311;865.0;39,4529914915093;-0,376225975598478
526;3735.0;39,4530912425147;-0,372970306672833
2240;751.0;39,4532175027007;-0,371249942041142
2239;979.0;39,4532216069057;-0,371679179668912
3122;1620.0;39,4532999942264;-0,331512119170545
2216;428.0;39,4534125006629;-0,365978619421094
2242;755.0;39,4535988617391;-0,370320383106418
2241;714.0;39,4536242007491;-0,370714868131795
4501;31.0;39,4536443998496;-0,334753456592615
4501;31.0;39,4536443998496;-0,334753456592615
2213;2189.0;39,4538395052718;-0,362551431980952
3134;91.0;39,4539219834655;-0,331170300276645
1910;2308.0;39,4539890975473;-0,384304044961638
2319;160.0;39,4539907201349;-0,37830538828792
3121;1424.0;39,4540364487444;-0,330994161929224
2318;643.0;39,4541318229717;-0,378111197003459
2422;2820.0;39,4541689119773;-0,399644195670192
2244;821.0;39,4542034061957;-0,368863891127695
3132;1314.0;39,4542812891661;-0,330627818701964
2313;577.0;39,4543185254898;-0,37692757379959
3411;5225.0;39,4543243852142;-0,350594790722863
2210;2073.0;39,4543489609644;-0,360851660281679
2314;849.0;39,45435314778;-0,377194690374853
2243;697.0;39,4543712074975;-0,3689058196244
2211;1326.0;39,4545560409995;-0,361679137931508
2411;4301.0;39,4545789344028;-0,406376609050819
2424;440.0;39,4545890233207;-0,398357698696852
523;4690.0;39,4546967376674;-0,374306561695583
2425;825.0;39,4547196140311;-0,398112142976602
2209;2733.0;39,454722369668;-0,360251223224292
2402;526.0;39,4547338580162;-0,405191126496021
2328;581.0;39,4547741429568;-0,375855488072045
2329;87.0;39,4548264291347;-0,375870606361964
2412;536.0;39,4548372559838;-0,406213992897711
2256;1625.0;39,4548698492029;-0,353977803964628
2245;873.0;39,4549187833134;-0,367557649360842
2317;663.0;39,4549420804813;-0,378044699477658
613;1409.0;39,4549673316826;-0,384176025085695
3906;311.0;39,4550116136014;-0,346163426214363
2315;868.0;39,4550349334282;-0,37767250617913
2428;321.0;39,4550994917638;-0,396160421330251
3935;4824.0;39,4551190621096;-0,348969242847585
1911;723.0;39,4551584931278;-0,391134522802469
2246;687.0;39,4551881293922;-0,366541662561634
2404;5936.0;39,4552044418497;-0,405846801071323
2447;37.0;39,4552857262886;-0,399186656951662
601;4833.0;39,4552954753871;-0,379762256287296
1912;1525.0;39,4553560356837;-0,391115918500812
2426;421.0;39,4554409243341;-0,397315033692864
2316;50.0;39,4554479772357;-0,378146822392981
2252;672.0;39,455506151395;-0,369630816839495
2427;934.0;39,4555908983506;-0,397046484745712
2207;1972.0;39,4556159931366;-0,357901253326926
502;4648.0;39,4556738699508;-0,374721722830124
2208;2498.0;39,4557365277411;-0,357877344798359
610;4489.0;39,4557728940814;-0,381796409549673
2251;444.0;39,4558903804956;-0,370628677310128
3403;4056.0;39,4559228588214;-0,355970064287765
2405;658.0;39,4560115139443;-0,4053667518692
2227;712.0;39,4560891687615;-0,364413739215476
2430;307.0;39,4561195170411;-0,395618387563693
2212;1440.0;39,4561790061224;-0,363036472612487
2429;531.0;39,4562349899034;-0,396316695147526
2420;510.0;39,456297065221;-0,393801136154775
602;3363.0;39,4563518080748;-0,383788195638769
503;383.0;39,4563607615037;-0,372911146020164
3133;49.0;39,4565033943853;-0,331108232166266
2228;658.0;39,4565111109093;-0,363818980763204
2228;658.0;39,4565111109093;-0,363818980763204
2409;316.0;39,4566192927384;-0,404005805834109
1914;718.0;39,4566259282643;-0,388091544810269
1913;84.0;39,4566623554376;-0,388260514257866
2423;2751.0;39,4567150424017;-0,401183799221015
2408;4062.0;39,4567430368167;-0,404016627820468
3104;1286.0;39,4568009971775;-0,331057963820622
2205;1222.0;39,4568884082139;-0,356249107363089
2206;1155.0;39,4568895988734;-0,356600474702119
2431;797.0;39,4568935745469;-0,395520691393656
2257;1684.0;39,4569152638456;-0,356104976088943
2448;99.0;39,4569608032389;-0,397085600320886
3120;1195.0;39,456976893922;-0,331310253799303
2401;4717.0;39,4569959226316;-0,403438646256492
615;1134.0;39,4570468311812;-0,383711016007329
2225;825.0;39,4570527335993;-0,362092079649351
2225;825.0;39,4570527335993;-0,362092079649351
2415;193.0;39,4570571644431;-0,403535812737794
2230;702.0;39,4570812096412;-0,36345776281927
2230;702.0;39,4570812096412;-0,36345776281927
2226;354.0;39,4570966126214;-0,362420615783582
2226;354.0;39,4570966126214;-0,362420615783582
2419;3420.0;39,4571097964737;-0,402106773908105
2403;1202.0;39,4571906888085;-0,406229524437402
2445;291.0;39,4572096922909;-0,395980925046919
529;3933.0;39,457267243388;-0,374853464953087
2446;115.0;39,4573395326767;-0,397221865474503
2444;374.0;39,4573409438804;-0,396642513664665
2258;2668.0;39,4574118126539;-0,357182051202643
2410;304.0;39,4575268072634;-0,404313509696072
522;2954.0;39,4576120909131;-0,374279565191287
3902;1547.0;39,4576250287882;-0,350266734044523
3904;3521.0;39,457650068657;-0,345147030323129
2407;6092.0;39,457706343131;-0,403020547309009
2432;92.0;39,4577136227863;-0,394468871173627
506;3475.0;39,4577180307541;-0,37377781725695
3919;1295.0;39,45779385454;-0,350230043607089
3907;552.0;39,4578095147991;-0,348215012377548
2259;1152.0;39,4578816214852;-0,364264747983051
2259;1152.0;39,4578816214852;-0,364264747983051
2224;584.0;39,4579689715519;-0,360412853519159
2224;584.0;39,4579689715519;-0,360412853519159
2223;931.0;39,4580122719946;-0,359893078678725
2433;641.0;39,4580248227211;-0,394278744609112
3903;4547.0;39,4581027843147;-0,344686756904326
530;3509.0;39,4582528351508;-0,372512575776342
3908;1173.0;39,4582671480808;-0,34822276130414
518;2342.0;39,4582738251626;-0,376556670768879
2441;94.0;39,4583547540339;-0,398385761809989
2442;259.0;39,458423247677;-0,397739077315718
609;3659.0;39,458432170515;-0,383875836700976
2125;2184.0;39,4584378162695;-0,354019073502383
2414;32.0;39,4585006867201;-0,402749108015806
505;1207.0;39,4585259810038;-0,374767300435247
2443;550.0;39,4585333517059;-0,397287186243113
521;2732.0;39,4586638265629;-0,371758788422874
504;2856.0;39,4586944215667;-0,377335909895186
511;846.0;39,4587205253725;-0,368747163853269
2406;2299.0;39,4587638586159;-0,401570470893615
2435;249.0;39,458790318868;-0,395684550346401
3128;3041.0;39,458797294526;-0,336284094552944
510;3487.0;39,4588110584653;-0,371184850997332
2434;298.0;39,4588240447644;-0,395848039898156
3926;3897.0;39,458900271288;-0,343175231327387
2440;302.0;39,4589749339613;-0,398509416384105
2413;3828.0;39,45902573324;-0,402902383499257
528;1121.0;39,4590274202844;-0,373573895477583
3511;3970.0;39,4590550661331;-0,403306375520114
2437;107.0;39,4591250879378;-0,39749032549874
3922;2995.0;39,4591575168593;-0,340761870966638
604;6066.0;39,4591679882859;-0,384571287178782
2439;595.0;39,4592086643324;-0,398234365354577
3905;4475.0;39,4592380683683;-0,342881859635939
3127;3234.0;39,4592558601062;-0,333259814179417
3914;163.0;39,4592560387651;-0,340329308140247
1902;1883.0;39,4592936608831;-0,38844362284641
3921;588.0;39,4592950028637;-0,346986422029134
3920;974.0;39,459296041638;-0,347988322877275
2124;2681.0;39,4593218234301;-0,35391077188406
727;3011.0;39,4593866378762;-0,401083257978015
427;612.0;39,4594015970993;-0,36107586196842
614;3571.0;39,4594458937377;-0,383090985945624
508;769.0;39,4594690377581;-0,371902390885522
2436;123.0;39,4595519108665;-0,39716416728546
527;1283.0;39,4596136518904;-0,372177902001116
726;1966.0;39,4596144165833;-0,400671520043341
3913;4767.0;39,4597464815274;-0,341793547285024
3927;1099.0;39,4597633950994;-0,348148455489922
3918;1230.0;39,4597860975742;-0,350286439072035
1920;1265.0;39,4597945270282;-0,385965263467541
512;775.0;39,459824868798;-0,369369547558503
532;1680.0;39,4598445398355;-0,377731924764576
416;3214.0;39,4599347075284;-0,358832303556091
3916;120.0;39,4599816745579;-0,340253651167135
509;1144.0;39,460024576889;-0,371207401558928
3923;2511.0;39,4600303564338;-0,344351338632047
520;2834.0;39,4600389564634;-0,368493410777464
3901;860.0;39,4601326445001;-0,350805575219673
3917;296.0;39,4602175134905;-0,340059930321339
725;2821.0;39,4602195758171;-0,400176488086855
517;748.0;39,4602418926844;-0,365722717457825
616;5515.0;39,460283368148;-0,385364330424621
531;3561.0;39,4603336121171;-0,378455587468546
3924;2438.0;39,4603388635724;-0,345627107080275
3114;686.0;39,4603611948845;-0,335485486817104
3510;12.0;39,4603801283709;-0,403946164307245
3509;3542.0;39,460380752656;-0,404105999406892
514;4072.0;39,4603837238138;-0,367452032048049
3512;3887.0;39,4604324463869;-0,403764441166696
3513;149.0;39,4604845540074;-0,40245695202064
3915;3912.0;39,4604857977623;-0,340825752659675
3931;208.0;39,4604904723955;-0,346802787875461
3123;176.0;39,4605022770998;-0,333091501739839
3929;192.0;39,4605184972008;-0,34543103051262
535;473.0;39,4605473143853;-0,3744430841876
537;607.0;39,460622836444;-0,366189664344229
3909;434.0;39,4606616452062;-0,347936613145505
507;834.0;39,4606727191683;-0,372752948704862
3130;3582.0;39,4607165896828;-0,33518332299736
524;333.0;39,4608265207186;-0,368788912264184
519;3065.0;39,4608353609108;-0,366600639344271
422;611.0;39,4608408148403;-0,363766401596593
3126;2569.0;39,4608845501352;-0,332021771947027
2127;2236.0;39,460894970389;-0,356414868613952
513;1124.0;39,4608981085069;-0,369155185590155
724;2041.0;39,4609013266965;-0,399293770587084
3925;2748.0;39,4609405074926;-0,348112506308948
618;2369.0;39,4609893469775;-0,382675297590441
534;211.0;39,4610117350135;-0,378133423623717
2128;2481.0;39,4610182608947;-0,352968215984317
3105;2449.0;39,4610861329759;-0,331902616916476
3118;3432.0;39,4611255345612;-0,339793138509375
533;1468.0;39,4611413448718;-0,378673776208523
2126;1696.0;39,4612019978133;-0,355469648047403
3111;165.0;39,4612846014362;-0,337836244041011
605;4114.0;39,4613290249889;-0,385927533889742
620;2244.0;39,46137526623;-0,387582967627494
3930;92.0;39,4613958420729;-0,350123387659769
723;1394.0;39,4614555167155;-0,39882892679179
1617;912.0;39,4615848520488;-0,341198790974551
3514;35.0;39,4615931197122;-0,404659896850749
417;3396.0;39,4616008819268;-0,360283928363852
3129;5600.0;39,4616054964118;-0,338156525001992
515;284.0;39,4616308682617;-0,365421064062969
1616;166.0;39,4616608178337;-0,34080364667955
423;3856.0;39,4616859441744;-0,364365221210353
426;2331.0;39,4617649739521;-0,364404356439362
2129;2669.0;39,4617660475681;-0,352905120082594
431;616.0;39,4617874026876;-0,359197136720233
3928;2592.0;39,4617979787057;-0,350937157639009
722;108.0;39,4617983930092;-0,398904191976189
720;1989.0;39,4618163890618;-0,398294281526508
721;358.0;39,4618354782912;-0,398997797753245
705;563.0;39,4618421298228;-0,396206232220716
430;724.0;39,4618598857337;-0,359034918500937
3116;133.0;39,4619452917892;-0,335573814576579
2123;1414.0;39,4619645063332;-0,357746496651519
3310;3681.0;39,4619787230765;-0,33822037418934
617;5816.0;39,462025486969;-0,3866028544004
3117;247.0;39,4620801345609;-0,336135764536694
1618;298.0;39,4621040086754;-0,341758392171737
3311;9249.0;39,4621634362355;-0,338223025850958
1615;3550.0;39,4622633053051;-0,340378464219931
429;1392.0;39,4622872803669;-0,361553469943208
1619;927.0;39,4623028596791;-0,343099432353149
428;721.0;39,4623297744048;-0,361080891111269
2130;2973.0;39,4624491568175;-0,353081564835777
2122;1922.0;39,4624541928016;-0,358198871318449
3309;4167.0;39,4624720637856;-0,33763688721788
516;222.0;39,4624731993673;-0,366011264243649
706;582.0;39,4624908826907;-0,397023417140066
719;2262.0;39,4625916496604;-0,397594784944107
407;1069.0;39,4626394935596;-0,365043607999843
3507;3519.0;39,4627247512793;-0,405540445006919
3321;165.0;39,462765671016;-0,330219855523561
424;2741.0;39,4627702181129;-0,362063983641974
3508;11.0;39,4627784910362;-0,405419471513358
434;3618.0;39,4628353839499;-0,361636406207606
408;2048.0;39,4628634534311;-0,36421137697647
3319;140.0;39,4628845007328;-0,331420281653455
1614;3826.0;39,4628921210331;-0,342493381942527
3317;91.0;39,4629151132667;-0,333718351811453
704;1767.0;39,4629357548261;-0,397080437455043
325;1732.0;39,4630143970134;-0,378094049190565
3045;1796.0;39,4630149872399;-0,328280199802573
3318;235.0;39,4630315147129;-0,332592416369982
3525;972.0;39,4630453274833;-0,412038327146141
3320;179.0;39,4630467676634;-0,331517249956763
708;299.0;39,4630482145598;-0,400697558185174
718;358.0;39,4630896028768;-0,397168715139775
3529;981.0;39,4631020649895;-0,414534473192074
3528;189.0;39,4631160445202;-0,414845398561268
1620;362.0;39,4631204056638;-0,345548044953463
323;1880.0;39,4631345295179;-0,377649648038695
415;4163.0;39,4631600028231;-0,360525771211185
3526;995.0;39,4631694450081;-0,408916681968434
3044;1413.0;39,463170739947;-0,326556996443741
3316;256.0;39,4631717798966;-0,333611482625943
3527;447.0;39,4631780905355;-0,414553496600527
402;296.0;39,4631804320438;-0,367597984572262
2131;2728.0;39,4631922206404;-0,355330851188923
404;987.0;39,4632273361017;-0,365190668389503
820;744.0;39,4632355184095;-0,389068351774239
606;3309.0;39,4632775585519;-0,38593624735326
328;4872.0;39,4632807481044;-0,377547691949643
3523;971.0;39,4633089080754;-0,410123402215845
3530;59.0;39,4633089080754;-0,410123402215845
332;4920.0;39,4633218688186;-0,377655687540046
3315;188.0;39,4633219708884;-0,335227578482535
603;5276.0;39,4633646705973;-0,387378765325848
3314;216.0;39,4633812895549;-0,335063580006146
3522;943.0;39,4634796569498;-0,406972245274978
412;2844.0;39,4634893486216;-0,360923367056847
3308;3543.0;39,4634941718717;-0,336849048491082
607;4921.0;39,4635493268714;-0,387690668409968
733;435.0;39,4635605774751;-0,400965976189406
737;1326.0;39,4635615399166;-0,404581877593798
3313;211.0;39,4635652900273;-0,336155021805965
3323;190.0;39,4635857668055;-0,328991687722039
3043;1824.0;39,4635926913193;-0,324809454338812
409;1298.0;39,4636057614577;-0,362769585151871
717;2115.0;39,4636165702086;-0,396486795273486
735;982.0;39,4636214814792;-0,403102887700997
730;207.0;39,4636396463753;-0,399519314069041
3524;206.0;39,4636408560831;-0,410017030344753
1513;3056.0;39,463653284365;-0,358994982214776
3322;342.0;39,4636568672571;-0,329758627749292
1613;4088.0;39,4636761216414;-0,345130459822713
736;811.0;39,4637069722241;-0,403682164115979
732;830.0;39,4637099431846;-0,400636035922375
2107;2386.0;39,4637273614317;-0,352092681267044
619;425.0;39,4637685603864;-0,38402502446799
307;938.0;39,4637688579204;-0,372700066098308
1621;984.0;39,4637703612265;-0,346462859202986
711;787.0;39,4637777148759;-0,39931233766277
734;798.0;39,4638136498698;-0,401092294481924
405;500.0;39,4638259804398;-0,365534856660027
710;670.0;39,4638656853432;-0,399860672176453
411;3122.0;39,4639030204388;-0,361325950409818
741;2657.0;39,4639303486672;-0,395458355746776
3324;826.0;39,463937168425;-0,328839905161001
612;3349.0;39,4639651217093;-0,381887020131669
728;595.0;39,4639863980393;-0,396579165122313
739;1652.0;39,4640095038835;-0,393641387399592
731;584.0;39,4640338969021;-0,400774010311449
701;910.0;39,4640926663111;-0,394382316536293
403;388.0;39,464103568253;-0,365408880037897
740;977.0;39,4641652433745;-0,392442355907072
326;6781.0;39,4641677978319;-0,375721735309321
742;1301.0;39,4641730591842;-0,389619449466614
743;1009.0;39,4642550479371;-0,390224726788396
1612;4367.0;39,4642786488114;-0,347152798153425
401;417.0;39,4642813571026;-0,368673881994808
3515;4179.0;39,4642861854968;-0,405399746116749
320;8308.0;39,4642951411748;-0,375098019739185
3516;61.0;39,4643015343189;-0,405502546192007
738;178.0;39,4643070730064;-0,403527888871002
324;1390.0;39,4643457413181;-0,377593164776995
1514;4293.0;39,4643484717537;-0,357775774761924
322;1225.0;39,4643487100273;-0,370322170820034
716;318.0;39,4643997121018;-0,393971196239752
1607;322.0;39,4644600962557;-0,342040018641502
1601;1347.0;39,4644666043117;-0,348774363800764
2108;2386.0;39,4644679126646;-0,351550804994745
3004;758.0;39,4644780682106;-0,328759043098519
3306;4414.0;39,4646398463129;-0,335887469810905
611;4979.0;39,464644090697;-0,381008283846774
709;303.0;39,4646500781993;-0,40091919290312
406;779.0;39,4646530969255;-0,364674280982807
829;1056.0;39,4646835102883;-0,387934754039444
308;1160.0;39,4647157350434;-0,372013077581075
306;2228.0;39,4647926309937;-0,373009893719877
3505;4473.0;39,464843122775;-0,406168235627789
2121;1234.0;39,4648773589525;-0,350231114843964
3506;71.0;39,4649339042143;-0,407556704077476
2134;4197.0;39,4649838111804;-0,349531677325373
2113;2936.0;39,4650738531304;-0,351559178221871
703;1851.0;39,4650962305237;-0,394805400270027
702;1243.0;39,4651660220221;-0,393052198349206
1528;2166.0;39,4651790573573;-0,357504512071405
410;3483.0;39,4652030825628;-0,36206385260877
3305;3503.0;39,4652218765504;-0,33573980810407
714;260.0;39,465250312248;-0,394437873683222
309;265.0;39,4652676446332;-0,371936748567713
1608;330.0;39,4653476261523;-0,343025541112136
1609;206.0;39,4654172426699;-0,343351287395006
3018;993.0;39,4654208247411;-0,329137329343895
3005;121.0;39,4654712525447;-0,328780517466073
1524;1846.0;39,4654751500045;-0,359517207376088
822;2337.0;39,4655560763893;-0,389024756111572
310;5015.0;39,4655786858574;-0,371798272798095
3518;84.0;39,4655825177916;-0,404758840176661
304;4545.0;39,4656169443553;-0,372498189769494
301;379.0;39,4656340282271;-0,365519043016766
302;3128.0;39,4656353136646;-0,374186223598427
3026;1585.0;39,4656483468921;-0,324761630313753
1610;216.0;39,4656643097062;-0,344338722424591
801;353.0;39,4656734084599;-0,389243756527896
802;2452.0;39,4656995548373;-0,389207387758914
830;1148.0;39,4657546497011;-0,387045481228698
2513;4602.0;39,4657658547399;-0,383216092303914
3027;1372.0;39,4657704110158;-0,324918379303705
707;302.0;39,4658016712772;-0,394520682397413
2135;1492.0;39,4658096508914;-0,353416065456346
803;1723.0;39,465889154934;-0,389163698113174
2133;4108.0;39,4660095908368;-0,352996753029782
3041;16.0;39,4660330785274;-0,327839113647892
2120;2552.0;39,4660410288782;-0,350943913535748
3006;888.0;39,4660564964425;-0,328537551741546
305;4211.0;39,4660584730944;-0,371455171315366
314;319.0;39,4660866212161;-0,368567701308465
3304;4338.0;39,4662078195809;-0,335217972181457
2101;1056.0;39,466208740237;-0,35558357870901
810;4705.0;39,4662197392326;-0,385723186723947
713;1177.0;39,4662758580386;-0,392172953522128
2502;1643.0;39,4662824156047;-0,382003897914743
2501;3791.0;39,4663069583985;-0,381928440742477
712;445.0;39,4663209619683;-0,392365520739085
3517;3758.0;39,4663512080095;-0,405608256408624
303;528.0;39,4664040919889;-0,372698000775878
1515;4069.0;39,4664841878545;-0,356728576517104
1540;908.0;39,4665041408413;-0,356936856604209
818;2308.0;39,466526813795;-0,393244155213587
1819;555.0;39,4665326483517;-0,339585207877362
2132;4254.0;39,4665615722811;-0,35485457732689
2119;2352.0;39,4666475940777;-0,350697137135164
2512;3276.0;39,4666489956202;-0,383039171590194
1811;342.0;39,4666903249575;-0,337622518329833
2533;3992.0;39,466692515608;-0,382610668047841
313;5100.0;39,4668531037805;-0,368770467625198
3302;3502.0;39,4668671420853;-0,335240739314426
824;4869.0;39,4668807476118;-0,389416783481332
312;4494.0;39,4668907863998;-0,369479552628543
108;3394.0;39,4668988570685;-0,380799468450558
1541;2208.0;39,4669040649461;-0,356650381592149
3042;230.0;39,4669478770563;-0,327829217313771
413;2251.0;39,4669787366022;-0,362792045548302
317;1087.0;39,4669897514443;-0,366277779631816
3017;933.0;39,4669962662091;-0,328903450469297
3009;109.0;39,4670111029707;-0,328739989247046
3519;346.0;39,467043560194;-0,404930993484842
3503;4450.0;39,467047071931;-0,406426108605165
1812;704.0;39,467054557355;-0,339212009246163
3008;802.0;39,4670886231276;-0,328366127538322
3504;22.0;39,4670976573931;-0,406319576377135
816;2232.0;39,4671218569936;-0,392814101192456
2529;964.0;39,4671555202924;-0,385890165285732
1523;2723.0;39,4671737804321;-0,360168249532913
804;7087.0;39,4672415909759;-0,391377193716233
832;761.0;39,4672561089747;-0,388567511158736
311;752.0;39,4673310467154;-0,370772194836222
316;4827.0;39,4673360141437;-0,367659538208561
1813;648.0;39,4673742157252;-0,339908566599413
133;4621.0;39,4674082558119;-0,376397677444959
1539;3372.0;39,4674271540883;-0,357766484841
3521;38.0;39,4674454445989;-0,405947063469897
3520;4631.0;39,4674520940781;-0,405831678822728
3028;340.0;39,4674657196698;-0,325929478148182
1542;3570.0;39,4675375307181;-0,356216944460507
3010;417.0;39,4675524023196;-0,327179082110932
3303;4346.0;39,4675695335268;-0,334942860321773
2116;2774.0;39,4675814422423;-0,350541821258564
3029;494.0;39,4676528575795;-0,328756033027823
2536;3789.0;39,4676552425642;-0,38293150682874
3012;617.0;39,467668444389;-0,328403797068998
3031;467.0;39,4677285071373;-0,330070201657852
3030;692.0;39,4677329840494;-0,329425632259576
109;1593.0;39,4677499431947;-0,376993592454549
1808;725.0;39,4677520809296;-0,341622001592757
1538;3200.0;39,4677752889395;-0,358948686611895
3011;770.0;39,4677987797712;-0,328268086321659
202;3615.0;39,4678028743665;-0,373862036179619
3033;721.0;39,4678044871857;-0,330659624046801
103;6424.0;39,4678284370289;-0,378170520124597
3034;732.0;39,467842174014;-0,331439175256932
3301;3480.0;39,467848341628;-0,33506684582931
315;4792.0;39,4678567708009;-0,367190034645375
923;4389.0;39,467893605899;-0,395081871598449
3035;637.0;39,4679000329803;-0,332539261596266
3036;792.0;39,4679415108016;-0,332352127789221
1809;752.0;39,4679528499917;-0,341945739551648
2117;2348.0;39,4679992157885;-0,350149915925522
1814;395.0;39,4680476821041;-0,338899635251947
805;1286.0;39,468141110124;-0,390999040025276
225;965.0;39,4682426118772;-0,370061587699964
3032;142.0;39,4682744103217;-0,33048276955629
105;5497.0;39,4683027788818;-0,380132354510656
901;7001.0;39,4683057268968;-0,395241178801765
3501;4790.0;39,4683069078617;-0,406509823827471
203;3301.0;39,4683096622628;-0,373152432818512
2114;504.0;39,4683254377585;-0,351988738872849
806;1261.0;39,4683310009785;-0,390909686802111
318;4815.0;39,4683333558202;-0,36529602514372
3025;1742.0;39,4683390738104;-0,325483722290283
2531;3850.0;39,4683955947432;-0,383841729141387
826;2567.0;39,4684333830256;-0,391934184175624
3201;1734.0;39,468466786719;-0,324797068610248
1815;397.0;39,4684744918857;-0,33882931894043
921;5123.0;39,4685098292288;-0,39906593407886
106;1785.0;39,4685912064887;-0,381354736469912
3502;21.0;39,4686187924276;-0,40629177477268
924;4168.0;39,4686561791213;-0,393448754991198
3016;1163.0;39,4687022968014;-0,328651520908048
2532;3722.0;39,4687141996639;-0,383694437891629
321;6060.0;39,4687617229709;-0,363826580265183
3312;4023.0;39,4687858658869;-0,334762912558062
902;359.0;39,4687909908371;-0,399976030525494
3039;44.0;39,4688399816379;-0,328438919352717
1508;1961.0;39,4688469510293;-0,355702000912448
3013;978.0;39,468879586119;-0,328123184503825
928;3928.0;39,468893897555;-0,399945778394555
2027;2713.0;39,4688953272416;-0,350006144926571
1504;4690.0;39,4689381201375;-0,361980771017206
112;656.0;39,4689411484626;-0,37387296382872
127;3081.0;39,468944938228;-0,37927384873938
1817;764.0;39,468968336904;-0,338431776833529
3038;110.0;39,4689830530997;-0,332262918219049
131;3212.0;39,4689974108277;-0,381626093893251
110;1580.0;39,4690812111169;-0,376933787507037
132;1698.0;39,4690850468629;-0,381666405814021
1805;445.0;39,469113883474;-0,343528906407525
1505;3788.0;39,4691197531599;-0,359404747581598
903;124.0;39,4691238184668;-0,401773194628835
111;763.0;39,469145921092;-0,375507694663306
113;777.0;39,4691563702178;-0,37362348793765
128;1135.0;39,4691619023841;-0,380843711810346
2028;2380.0;39,4691740306583;-0,349667965546045
327;1719.0;39,4693354239907;-0,364340295248265
808;5859.0;39,4693366094488;-0,390181447901472
3024;1619.0;39,4693474678682;-0,325516304734536
2036;1048.0;39,4693793886686;-0,347011025161924
2816;3106.0;39,4693800361913;-0,334843779293261
3023;171.0;39,4693840235349;-0,325917089953459
908;427.0;39,4693925800231;-0,416040924219061
3202;111.0;39,4693928693748;-0,324950631259709
907;9387.0;39,4694195773946;-0,413895101366264
3203;1460.0;39,4694380576122;-0,324757721279425
1509;3468.0;39,4694381085758;-0,355273352989148
2530;1185.0;39,4694811542627;-0,384327503403786
2503;2887.0;39,4695101313162;-0,384253667341198
130;488.0;39,4695455992523;-0,379622978702652
906;428.0;39,4695746636113;-0,413601154627003
904;3893.0;39,4695970115309;-0,404835962121988
229;6609.0;39,4696005892329;-0,364780477704304
807;5442.0;39,4696129165413;-0,388838629709183
204;3473.0;39,4696239603589;-0,371265018598799
905;1337.0;39,4696528604214;-0,411819471470971
909;8627.0;39,4696561592247;-0,413607701432296
123;2134.0;39,4696685731397;-0,378213171186761
3014;1064.0;39,4696732647038;-0,328012711548057
930;4947.0;39,4696868542754;-0,409056666710999
2515;689.0;39,469717956277;-0,383845885868822
2026;3002.0;39,4697614751612;-0,349652613929181
114;701.0;39,4697646480916;-0,373090769007009
809;1119.0;39,4697916041495;-0,392178944318109
2024;713.0;39,4698106302224;-0,348892478071396
124;1869.0;39,4698922047312;-0,378562470182507
1502;620.0;39,4698973927443;-0,361236369402646
1503;2574.0;39,4698985343728;-0,361640969703207
919;3388.0;39,4699597846856;-0,408666288137052
1818;263.0;39,4699953254437;-0,33963883887867
933;;39,4700512913697;-0,408670098013332
126;712.0;39,4700558222845;-0,37929820136151
3015;50.0;39,4701366147431;-0,328028951216933
2023;2184.0;39,4701515561104;-0,349277061447601
2534;1936.0;39,470200051969;-0,385740141653695
1530;1981.0;39,4702257125019;-0,355035606965433
206;579.0;39,4702302934581;-0,366837564208867
2025;834.0;39,4702392791961;-0,349921512995171
115;508.0;39,4702697928955;-0,373889724341184
1807;2339.0;39,4702708606385;-0,336346481776972
226;608.0;39,4702719689265;-0,368781333817421
122;478.0;39,470312442784;-0,37717043927345
3022;1569.0;39,4703378315731;-0,325528760648832
2516;744.0;39,4703612790146;-0,3838128385632
2516;744.0;39,4703612790146;-0,3838128385632
3021;66.0;39,4703764774192;-0,32539521544399
119;2482.0;39,4703905809744;-0,375411362598101
811;2397.0;39,4704007655388;-0,392560894864521
215;665.0;39,4704197448885;-0,368676906471874
3204;1501.0;39,4704222922819;-0,324786871544834
2037;682.0;39,4705051619395;-0,35119536617242
831;1030.0;39,4705308918926;-0,387732444568342
916;450.0;39,4705440082873;-0,394398998199521
101;3498.0;39,4705544851858;-0,373900727222372
2022;209.0;39,470560821804;-0,348800303136058
1816;379.0;39,4705761075476;-0,337806358346949
1501;1454.0;39,4706099905439;-0,362422260053779
2019;2998.0;39,4706114368526;-0,349303198452565
125;941.0;39,4707079336023;-0,37828332753828
2021;1897.0;39,4707861285107;-0,349016602212541
1801;476.0;39,4708244318413;-0,343036453118105
211;1958.0;39,4708360890126;-0,364896462763458
2020;304.0;39,4708749327137;-0,349886153467385
1810;2096.0;39,4709130470083;-0,336438770032869
2031;611.0;39,4709667051362;-0,352391497940731
1804;536.0;39,4709675605751;-0,342628181754787
205;2793.0;39,4711332977399;-0,369476468292861
2914;1608.0;39,4711508160529;-0,325523719021135
3205;1226.0;39,4712208528043;-0,3247759229456
207;1677.0;39,4712466904157;-0,366733354329905
1517;5106.0;39,4713174897561;-0,35829612428731
2015;2750.0;39,4713425246418;-0,348991206370093
917;741.0;39,4713673206765;-0,397052052239574
2018;218.0;39,4713822537206;-0,348503565091272
2017;365.0;39,4713847273049;-0,347892664294016
2934;1239.0;39,4714056824354;-0,328254596997281
213;2845.0;39,471448789846;-0,370400548059112
1525;3616.0;39,4714966683892;-0,35770664061219
2511;3917.0;39,4715417233274;-0,386108522683067
2802;2701.0;39,4715449775887;-0,334387657677635
2517;2583.0;39,4716417837248;-0,383960591168453
2913;1408.0;39,4716903065789;-0,32550545503411
116;912.0;39,4717096464484;-0,37429621486944
2518;342.0;39,4717350542438;-0,387886322709469
2906;131.0;39,4717475472989;-0,325291712608498
2905;185.0;39,4717540960445;-0,325723824264149
3206;46.0;39,4717544077348;-0,325078226651198
2016;1943.0;39,4717671720926;-0,348610225119219
1534;839.0;39,4717804221915;-0,35525624712129
911;6206.0;39,4718025541472;-0,405304341873723
2803;2800.0;39,4718116830348;-0,334157995889408
2904;211.0;39,4718216952221;-0,327470993193403
3207;655.0;39,4718251215579;-0,324568123530724
812;4286.0;39,4718739609155;-0,393459292557139
2903;315.0;39,4718963458582;-0,328086639279632
2936;343.0;39,4719121303741;-0,327847309206874
129;1646.0;39,4719195978082;-0,379720832144097
1527;3152.0;39,4719396622502;-0,35405480057627
2902;530.0;39,4719505448686;-0,328397077450981
2907;939.0;39,4719616194099;-0,327660227088097
1531;1347.0;39,4720266333391;-0,362270407623812
918;360.0;39,4721171271771;-0,399007202861183
135;789.0;39,472196918411;-0,376932042088575
2901;540.0;39,4722382323676;-0,331496980873031
1522;3179.0;39,4722494919125;-0,36350104191784
134;529.0;39,4722659125952;-0,376856824168992
2014;493.0;39,4723195026095;-0,347477424842095
2012;2662.0;39,4723913844991;-0,348566603728017
1521;696.0;39,4723937342831;-0,363016776171266
910;7795.0;39,4723946211076;-0,40558627461366
210;3380.0;39,4723958271956;-0,366668710066797
2535;360.0;39,4724822483718;-0,383835207819283
913;289.0;39,4725898569137;-0,404097509585119
1802;4184.0;39,4725901121981;-0,344199120276115
1510;1943.0;39,4725931093638;-0,353858801177949
912;1690.0;39,4726167048806;-0,40662265826874
2013;2473.0;39,4726287251163;-0,348255707310836
1803;3222.0;39,4726801003886;-0,34245225810938
2804;446.0;39,4727054275029;-0,333864919979787
821;3809.0;39,4727672864769;-0,394274059907169
2504;4012.0;39,4728361052741;-0,386610257743743
827;2673.0;39,4728723899931;-0,394167485798875
218;2956.0;39,4728778615962;-0,370936425955537
1518;369.0;39,4728848144276;-0,360380523402425
922;1446.0;39,4729260872488;-0,406929927008698
1516;3535.0;39,4729442600698;-0,353565180453972
833;367.0;39,4729499485988;-0,393975527534938
1526;1038.0;39,4730172363079;-0,36437151005253
2933;1456.0;39,4730672784349;-0,328002633395897
2035;731.0;39,4731181499805;-0,34901132113378
2805;2772.0;39,4731357844585;-0,333893222029598
2909;9.0;39,4732034756195;-0,327833918823255
2510;4592.0;39,4732163920641;-0,387278043095446
2011;2609.0;39,4732171563937;-0,348239408858872
212;6990.0;39,4732292179624;-0,369236864440532
2908;774.0;39,4732541171441;-0,327475627983442
1425;3187.0;39,4732846167665;-0,356815557380723
920;2195.0;39,4732958816569;-0,403900822410253
927;1914.0;39,4733843968592;-0,403930414643696
2034;583.0;39,4734104395426;-0,348498020870013
915;3455.0;39,4734358672962;-0,405504588393376
2033;2587.0;39,4734709453611;-0,347179767421066
1435;1799.0;39,4734872614965;-0,365201461951232
2912;746.0;39,4735861853083;-0,325506716593257
217;2202.0;39,4735921587257;-0,374507504043247
1806;2724.0;39,4736951269142;-0,345927461253955
929;679.0;39,4737258081541;-0,39905559609958
828;3886.0;39,4737267926418;-0,394960152348468
2806;1697.0;39,4737466217729;-0,333955267835183
1529;1729.0;39,4739762856939;-0,35319731296527
2519;2733.0;39,4741082380868;-0,383958448868371
2932;1431.0;39,4741261477855;-0,327850310291141
2032;4094.0;39,4742500803188;-0,348486478470695
209;4626.0;39,4742613511849;-0,368195525362186
2938;1915.0;39,4743132183629;-0,325492330515941
1410;2006.0;39,4743152285229;-0,363751092779507
815;3738.0;39,474402935895;-0,395271018509094
814;904.0;39,4744041484532;-0,393591352719676
2939;2324.0;39,4744055645354;-0,327161769066679
2935;183.0;39,4744251981172;-0,328678488831383
3606;6981.0;39,4744408338879;-0,406069354591045
2008;2019.0;39,4744655375499;-0,347502544968578
914;1304.0;39,4744704537184;-0,397958726891113
925;2412.0;39,4745148533203;-0,397983051764816
2539;353.0;39,4745523041497;-0,387767154958749
1432;1061.0;39,4745535003513;-0,365644346666192
2010;248.0;39,4746069109286;-0,346521921780097
2029;3456.0;39,4746230717478;-0,350339315423236
825;1027.0;39,4746466031422;-0,390629173468614
3208;1099.0;39,474737116311;-0,324765634864595
2030;3652.0;39,4747404387961;-0,350203053875045
2940;1738.0;39,4747934230913;-0,326600444022759
2007;2742.0;39,4748625026492;-0,347569397675857
2050;218.0;39,4748866867427;-0,350336584666925
3626;4471.0;39,4749392435341;-0,404277004656012
2009;1954.0;39,4749427435034;-0,347314441171189
3609;4088.0;39,4749798631035;-0,405797912966268
1424;4611.0;39,4749904821577;-0,35662908982388
1408;454.0;39,4750470628968;-0,365182556770442
2915;800.0;39,4751088592815;-0,326512549053269
220;5165.0;39,4751397983477;-0,36977642682962
2807;2662.0;39,4751856050609;-0,333510043864025
817;1164.0;39,4751871527493;-0,395527826784098
1411;3915.0;39,4751982488086;-0,36592489227399
819;3622.0;39,4752414093794;-0,395877402300836
1519;832.0;39,47528008836;-0,35318311536167
2002;429.0;39,4752934175742;-0,345818746731155
3605;3288.0;39,475375469832;-0,401299832124748
2004;2193.0;39,475448982719;-0,347320820603656
2540;192.0;39,4754603236824;-0,383791156989879
2003;732.0;39,4754685941256;-0,346737967843759
2541;493.0;39,475486137237;-0,383638050366955
1520;3114.0;39,4755563436132;-0,353573595090119
2522;1462.0;39,4755912097953;-0,384935327986429
1409;401.0;39,4756580920256;-0,363256637243569
1417;3850.0;39,4756677179148;-0,353331074115387
1428;1633.0;39,4756816505309;-0,35870742312871
1406;1654.0;39,4757147125184;-0,363072833392036
2823;2330.0;39,4757842320305;-0,331668486053972
1436;3673.0;39,4758386794579;-0,35451410785237
2001;1557.0;39,4758518892455;-0,346898156602116
2931;368.0;39,4758658914499;-0,328666345765134
222;958.0;39,4758686081359;-0,36923236391725
1430;214.0;39,4759039699998;-0,359720731190494
2801;2374.0;39,4759116089904;-0,333528466852896
2006;386.0;39,4759525097111;-0,347960259312773
2824;1449.0;39,4759550654184;-0,331335463075852
2926;1074.0;39,4760385638908;-0,327742939218015
3625;3453.0;39,476048998804;-0,406442227659863
2505;3977.0;39,4761241650863;-0,388954278469375
3603;3761.0;39,4762045483795;-0,396755428387636
834;2472.0;39,476267076155;-0,393288691444559
3624;14.0;39,4763260537102;-0,406372275535993
3635;185.0;39,4763289712861;-0,396737024215978
3610;0.0;39,4763474055955;-0,406203601065308
2937;905.0;39,4763566348802;-0,325721130102925
2005;1921.0;39,4764123487082;-0,346925697154499
2509;4883.0;39,4764512989285;-0,389574482039926
227;5838.0;39,4764676974533;-0,368793719785905
813;1584.0;39,4764843040335;-0,392740876100597
2916;109.0;39,4765024491226;-0,326526029515887
2925;250.0;39,476518275896;-0,327523074491863
2928;56.0;39,476546553538;-0,329682640835939
2929;205.0;39,4765537063537;-0,328524833153917
1429;179.0;39,4765698015333;-0,358425013430344
2038;1340.0;39,4766151559805;-0,346585691507748
1415;2627.0;39,4766485633777;-0,358064324380909
2820;2649.0;39,4766855607398;-0,333873308429089
3209;399.0;39,4768592385907;-0,324951583386114
228;6928.0;39,476918632791;-0,371011209735966
3629;510.0;39,4769905398667;-0,395494160932609
3604;3196.0;39,4770256540931;-0,395776653387178
3611;3977.0;39,4770446233934;-0,40622931481435
2911;958.0;39,4770480441825;-0,325733229593317
2927;197.0;39,477084738294;-0,32862766751304
3210;826.0;39,4771457473252;-0,324750250598357
1421;3660.0;39,4772075512905;-0,355125156907048
2042;2022.0;39,4772091750935;-0,346592412744023
2808;3524.0;39,4772798171828;-0,333079307927954
1404;3401.0;39,477376516456;-0,358291381140241
2043;1567.0;39,4773860376085;-0,346277718878906
3608;2360.0;39,4775050959485;-0,394461333775766
3602;2738.0;39,4775625482335;-0,397738535556244
2819;3729.0;39,4775837106769;-0,337934278323402
1512;1026.0;39,4775869689019;-0,351612165128081
2506;4880.0;39,477593928257;-0,39010298117562
1418;7658.0;39,4776616895698;-0,355084290092822
1511;3378.0;39,477684499729;-0,351402766292123
1416;5402.0;39,4777006712585;-0,369149274144838
2917;727.0;39,4779307187423;-0,326732404566966
3627;3274.0;39,4780064617124;-0,39783526687412
2040;1730.0;39,4780485285244;-0,346246017924085
1434;1083.0;39,4781211074991;-0,366901058914706
214;6994.0;39,4781799596844;-0,372996119419859
2818;3653.0;39,478182439075;-0,339966498207338
1532;105.0;39,4781972624408;-0,350242689704171
1405;1270.0;39,4782327064533;-0,363427665392654
2041;985.0;39,4782490054937;-0,345908996879791
1533;1180.0;39,478257135501;-0,350064557686157
3612;323.0;39,4782803859996;-0,402414482379065
3614;1282.0;39,4783645376356;-0,399927833836687
3628;1073.0;39,4784205417484;-0,394412997589512
3613;1048.0;39,4784383349525;-0,402226558488247
2524;3038.0;39,4784558866983;-0,383666007656689
3622;718.0;39,4784581442943;-0,40029005230785
3623;78.0;39,4785371421577;-0,402491670557601
223;1272.0;39,4785624545167;-0,373053899881244
2924;982.0;39,4785780316537;-0,328029689051945
1002;4370.0;39,4786492453852;-0,391065369134195
1018;3259.0;39,4786580513415;-0,391031455723893
2817;4025.0;39,4786863888157;-0,341721927207218
3615;2938.0;39,4786886940098;-0,398528699903595
3211;209.0;39,4786992156633;-0,324977842280368
224;8550.0;39,4787228166155;-0,374153071748767
3621;678.0;39,4787524598786;-0,39906645009622
3621;678.0;39,4787524598786;-0,39906645009622
1427;1755.0;39,4788128801972;-0,357247295895138
1402;4304.0;39,4788585857975;-0,366614115993312
3616;1236.0;39,4789694514106;-0,398310090000715
2810;1289.0;39,4790084832185;-0,332936801941261
1404;3401.0;39,4790201696199;-0,363937820427154
3617;441.0;39,4791420447209;-0,396320776408993
1419;3848.0;39,4792114677544;-0,356713557293948
1028;267.0;39,4792347289871;-0,389538666242487
2044;4004.0;39,4792948672402;-0,343859604520538
2923;399.0;39,479335769611;-0,32711841958093
2753;3456.0;39,479413520464;-0,354021268344287
3631;920.0;39,4794259647374;-0,393803730524758
3212;514.0;39,4794437020413;-0,324794193694703
2039;2026.0;39,4795134863049;-0,34554713806263
1423;1272.0;39,4795280072918;-0,361191737731196
2809;2262.0;39,4795302783881;-0,332642477289406
1019;5506.0;39,4795375606195;-0,391484000953501
1021;4282.0;39,4795836602289;-0,38903231837279
2538;729.0;39,4796296190256;-0,38431363389778
2755;4764.0;39,4796358356774;-0,353599827646488
3607;1112.0;39,4796370304904;-0,393858286243042
2525;4259.0;39,4796696504879;-0,384361900146294
1037;2989.0;39,4796852115294;-0,388517331714764
3618;1000.0;39,4797135997647;-0,39656484034737
3620;800.0;39,4797148631446;-0,396822299573957
2754;7341.0;39,4797333143393;-0,353933487671957
1717;3188.0;39,4798017295672;-0,407226796953061
1433;2561.0;39,4798284656419;-0,354130155029908
2758;2226.0;39,4798334628072;-0,351510949341048
2757;2191.0;39,4798356576908;-0,351360613130501
2045;2801.0;39,4800400597553;-0,345526387448257
2049;8166.0;39,4802032554009;-0,347087838952785
3619;195.0;39,4802626930192;-0,397189260133744
3619;195.0;39,4802626930192;-0,397189260133744
1161;1615.0;39,4802732714393;-0,373788236300285
1001;6077.0;39,4802811652689;-0,392256653982554
2756;1088.0;39,4803209463107;-0,352411188443458
1422;2311.0;39,4803319771164;-0,357987119799468
2812;365.0;39,4804199202712;-0,331127394633045
3601;2974.0;39,4804547753217;-0,399790656402856
1413;3497.0;39,4804950064195;-0,358446288803303
2537;1124.0;39,4806371132015;-0,383117445128414
2526;3260.0;39,48067114707;-0,382472203682774
2740;1304.0;39,4806863376481;-0,364362614657969
1403;2970.0;39,4806993940094;-0,365773914872725
2811;2391.0;39,4807024034351;-0,332433306839977
2760;91.0;39,4808181653776;-0,351854497741169
1311;1713.0;39,4808346351509;-0,371143153949327
2046;2692.0;39,4809770658908;-0,34880152171895
2922;920.0;39,4811015407984;-0,328044409228891
1112;591.0;39,4811522642525;-0,373175509876463
2528;2414.0;39,4811545018401;-0,380005619656381
1034;133.0;39,48125135017;-0,38490939582223
2910;658.0;39,4812806464201;-0,325718420696023
3213;430.0;39,481298064785;-0,325053653110495
1702;3256.0;39,4813067816119;-0,400173851955686
2921;158.0;39,4813447585581;-0,32664772254015
2920;70.0;39,4814116007769;-0,328579932636412
2527;547.0;39,4815149272582;-0,380241450251501
1035;915.0;39,4815158980073;-0,383951831965849
1127;1478.0;39,481565108309;-0,373822727902655
1022;1940.0;39,481648785683;-0,384422419703586
1114;164.0;39,4817924467087;-0,372828051802997
1107;5705.0;39,4819039890286;-0,375507708359044
2759;773.0;39,4819608017575;-0,353187912121362
1023;254.0;39,4820713457039;-0,383122495712774
2919;1113.0;39,4821280038982;-0,328053465304092
1108;1012.0;39,4821599968424;-0,374953568469968
1111;896.0;39,4823206794404;-0,376513377707105
1308;1434.0;39,4823230653698;-0,370413350851218
1020;1252.0;39,4823611508681;-0,390903202572707
1036;4687.0;39,4824315392147;-0,382437105090407
1115;249.0;39,4824478186499;-0,372254388201593
1116;292.0;39,4824497443228;-0,372035989602803
1716;1703.0;39,4824715850219;-0,404020898019914
1126;1271.0;39,4825280866882;-0,37286715499718
1718;1166.0;39,4826208251561;-0,406458942353081
1715;2350.0;39,4826421558123;-0,403224887180773
2751;10353.0;39,4826635207225;-0,349164402010264
1024;925.0;39,4826868099672;-0,382046700666857
2704;3153.0;39,4826926772675;-0,361149278587863
1117;401.0;39,4827427280433;-0,372224425759771
1110;834.0;39,4827763883737;-0,377946248892171
2703;1409.0;39,4827873054266;-0,363310576440101
1719;1582.0;39,4828028073437;-0,40651401491252
1104;5321.0;39,482832968914;-0,377562444951812
1038;625.0;39,4828367256652;-0,384649556987405
1106;290.0;39,4828433339624;-0,376845829648817
1101;647.0;39,4828998499184;-0,380071304652339
1102;7176.0;39,4829560970617;-0,379419928753354
1026;6663.0;39,4829824195049;-0,380664107411749
1006;1233.0;39,4829914708968;-0,38483213770223
3632;4320.0;39,4830188121883;-0,394209842815772
2729;530.0;39,4830570339148;-0,358699914486808
1304;1197.0;39,4831682617533;-0,370012201358043
2739;3264.0;39,4831794877182;-0,362039394027581
2732;137.0;39,48323509082;-0,357844333865914
2734;225.0;39,4833455327025;-0,357081524618145
2733;457.0;39,4833541868786;-0,357610997810526
2719;2933.0;39,4834016678724;-0,348824712533842
2752;26.0;39,4834688892029;-0,348005449478165
1118;164.0;39,4834758723963;-0,371448171754125
2736;280.0;39,4835557332378;-0,35786941748739
2741;281.0;39,4835659586605;-0,36244278236811
2730;462.0;39,4835995318921;-0,358367800317136
1004;727.0;39,4837203760256;-0,391927918978127
2731;264.0;39,4837524288781;-0,358556450735803
2725;53.0;39,4838586761765;-0,359736421536273
2726;331.0;39,4839290168538;-0,359483889081866
1712;3597.0;39,4839652167188;-0,400175725609734
2815;352.0;39,4840624600502;-0,33014581497936
1119;237.0;39,484096408423;-0,371356296212707
2813;1457.0;39,4841250988202;-0,331742097778668
2918;575.0;39,4841332643918;-0,327713121883335
2735;185.0;39,4841428177456;-0,357469374035214
2728;302.0;39,48419344828;-0,360059469787025
2721;153.0;39,4842002410164;-0,360894695731285
1016;1769.0;39,4842184895448;-0,383940978912766
2722;343.0;39,4842936595328;-0,360738713903455
1152;1538.0;39,484320074516;-0,371805378752279
1703;3150.0;39,4843517582593;-0,399667237182877
1330;6282.0;39,4843773881509;-0,363676654995487
2727;72.0;39,4844372739758;-0,359465700884997
2724;373.0;39,4844592172062;-0,360961793086709
2701;339.0;39,4846418636035;-0,361908921496926
1120;138.0;39,4846753174952;-0,370321725830547
1707;1224.0;39,4848003032937;-0,395023473078274
1331;138.0;39,4848103003604;-0,364733304253009
1105;2431.0;39,484829358649;-0,378699884656137
1325;1796.0;39,484869230664;-0,363689367759226
2723;194.0;39,4849041391389;-0,360564252994523
1125;1647.0;39,484947874375;-0,371398588606567
1332;931.0;39,4849508027553;-0,368625940667853
2720;309.0;39,4849793763391;-0,362692310739048
2706;1226.0;39,4850050986649;-0,362214561694939
1317;307.0;39,4850440489524;-0,363380210552149
1121;516.0;39,4850668836639;-0,370372677466031
1122;238.0;39,4851335287623;-0,369805391030549
2761;155.0;39,4852271731394;-0,352326946450024
1124;334.0;39,4852446484276;-0,371640643712372
1323;946.0;39,4852592476276;-0,36887271728432
2745;4584.0;39,4852661603331;-0,352188455832044
2745;4584.0;39,4852661603331;-0,352188455832044
1307;3707.0;39,4852955792507;-0,36491660363263
1714;382.0;39,4853090151014;-0,397262896040662
1158;1008.0;39,4853126645586;-0,373026206511352
1318;403.0;39,4853256549396;-0,363876191609984
1156;414.0;39,4853502734598;-0,374711424346145
1123;518.0;39,4853854230437;-0,370535421554839
1155;832.0;39,4853956520225;-0,376667643972249
1316;103.0;39,4854483614481;-0,364680360697025
1153;900.0;39,4854916418313;-0,378090262844333
1704;3512.0;39,4855282474461;-0,396944907865982
1154;516.0;39,4855392912054;-0,377168229227092
1142;98.0;39,4855424327261;-0,372005061007367
1040;543.0;39,4856777212112;-0,383722769326675
1157;492.0;39,4857316672464;-0,380220558033231
1041;767.0;39,485750415549;-0,382274056278467
1301;147.0;39,4858608015241;-0,36711847597616
1320;77.0;39,4859413513881;-0,365998023696284
1324;233.0;39,4859600382808;-0,364281060369362
1146;23.0;39,4860176658453;-0,371059704018822
1319;295.0;39,486079027804;-0,366815043688028
3830;7683.0;39,4861416785588;-0,396259484058974
1303;1704.0;39,4861747918741;-0,363056628715557
1134;106.0;39,4861955086982;-0,377850403464414
1144;169.0;39,4862083287025;-0,371350449753393
3829;9147.0;39,4862324170183;-0,396504420352775
1321;117.0;39,4863090464664;-0,367190255998348
1302;328.0;39,4863774457134;-0,367946406062741
1136;154.0;39,4863823780285;-0,375902957326255
1131;187.0;39,486425064551;-0,376494354105418
1003;879.0;39,4864449800649;-0,390482984055916
1138;178.0;39,4864988089943;-0,374578546451578
1322;162.0;39,486499821832;-0,366821565763592
1130;104.0;39,4865646185581;-0,375217391624687
1128;59.0;39,4866066449514;-0,371769528060393
1313;122.0;39,486637049953;-0,368532638467742
1312;1079.0;39,4866570441904;-0,368141001467669
1145;185.0;39,4866808465654;-0,369181353813228
1141;108.0;39,486682952583;-0,372583112447216
1151;415.0;39,4867121629309;-0,376094872014396
1150;913.0;39,4867650069288;-0,374958448142415
1129;155.0;39,4867675028494;-0,372995633988487
1306;1535.0;39,4867917805284;-0,362743294374104
1305;3154.0;39,4868534812255;-0,36676402680754
3822;1660.0;39,4869127632319;-0,404465012386733
2707;1405.0;39,4869675643322;-0,361244753284199
2746;4954.0;39,4871771036493;-0,352496027566087
1326;3798.0;39,4871970145171;-0,367449553599365
1149;268.0;39,4872011500545;-0,372594441693184
1315;1555.0;39,4873995895442;-0,362426046020965
1011;1651.0;39,4874708592816;-0,388284918421887
3828;2958.0;39,4874776445502;-0,397664836747286
1007;1212.0;39,4875079911708;-0,391921512748424
1010;1157.0;39,4875267688403;-0,389031782254293
1008;2890.0;39,487584548205;-0,391944403189621
1017;2791.0;39,487721938781;-0,391800599414747
1005;1587.0;39,4877736315825;-0,391848776586738
3826;302.0;39,4878745227175;-0,405803393774334
3827;300.0;39,4878875963196;-0,406065374186729
1222;1773.0;39,4879846844636;-0,376873148632621
3825;1851.0;39,4879932829248;-0,404413094373494
1333;1330.0;39,4880591024544;-0,368151217782935
4205;1462.0;39,4884801806478;-0,367721279568149
1014;1553.0;39,4886658934727;-0,389001660219554
1328;3480.0;39,4886804169535;-0,369217285313771
3823;2596.0;39,4886814891869;-0,405556935276656
3832;33.0;39,4886967610084;-0,391732298253087
2762;144.0;39,4888093373311;-0,353577735322143
2747;4847.0;39,4888722520289;-0,353472023986007
2747;4847.0;39,4888722520289;-0,353472023986007
2610;1490.0;39,4889705233105;-0,389880110624447
1015;1602.0;39,4889722391489;-0,388177578538495
1029;1628.0;39,4891671628498;-0,386723535800179
4201;1288.0;39,4892839226913;-0,365700224922503
1033;1421.0;39,4893291595262;-0,386505665097287
3809;6551.0;39,4893892221288;-0,398772451107544
1030;1676.0;39,4894223930464;-0,385500990194678
1329;3051.0;39,4894590868147;-0,370251105769269
4203;1208.0;39,4894766312337;-0,366226086517122
1203;828.0;39,4895140413701;-0,374807640854293
1210;2755.0;39,4895643870916;-0,385116546193791
3808;1175.0;39,4895972180459;-0,399260667212511
1031;1487.0;39,4896203071762;-0,385406907569082
2607;449.0;39,4898390262192;-0,389191252381315
1327;4023.0;39,4898428381894;-0,371002559275899
1211;2932.0;39,4898667187212;-0,384062576233009
1310;287.0;39,4899237359043;-0,371284829828527
1208;1401.0;39,4899562595509;-0,375474231795088
3820;1919.0;39,4899981327027;-0,40011875148214
2606;257.0;39,4903338326398;-0,389791070660259
1221;478.0;39,4904167100057;-0,381346753720094
2737;1252.0;39,4904556627394;-0,359522852378638
3819;961.0;39,4905457533051;-0,39844284057902
1201;3820.0;39,4905621588846;-0,380445190966091
1218;2327.0;39,4909761617403;-0,372372327217929
1220;4223.0;39,4909921266884;-0,379095149080191
2605;232.0;39,4909989007622;-0,388261313764206
2622;1371.0;39,4911143054776;-0,392088638010203
3818;2287.0;39,4912588046219;-0,396108340594266
1204;4253.0;39,4913466563342;-0,377470844591833
1214;1293.0;39,4914207685213;-0,372851085508819
3824;2491.0;39,4914333128051;-0,407940169055069
1216;3054.0;39,4914512763018;-0,376486385858986
1217;1378.0;39,4914879028983;-0,376082098840866
3817;907.0;39,4914919562729;-0,396679429993831
1215;797.0;39,4915243596449;-0,373333214820686
2611;184.0;39,4916579434017;-0,393470277855908
1335;189.0;39,4917097971712;-0,359886381728527
1209;1363.0;39,4917702933438;-0,375619045919454
1202;1954.0;39,4919892857687;-0,379119725298324
4206;344.0;39,4921458482792;-0,367173090056028
3803;819.0;39,4922741209385;-0,401192953040183
4207;76.0;39,4923164191873;-0,36641855305943
3821;1608.0;39,4923205790953;-0,407500294819065
3813;131.0;39,4923740148856;-0,401437250447915
3804;5650.0;39,4924996491695;-0,401024269932457
4208;189.0;39,4925163404118;-0,367899079724863
2613;618.0;39,4925921025969;-0,394178046201485
4210;401.0;39,4926320215694;-0,368214054218922
3802;6655.0;39,4927240710731;-0,400984154248309
3814;261.0;39,4927689867841;-0,400483474842039
4435;5021.0;39,4928216474519;-0,356209612813822
4007;604.0;39,4928363600386;-0,387041584238766
3801;764.0;39,4928465723169;-0,400727185668788
4204;2209.0;39,492848076975;-0,359785174304815
4008;467.0;39,4928693804337;-0,38733017909176
4209;277.0;39,4928892422195;-0,367728180813883
4211;317.0;39,492917114107;-0,368269002893588
2623;1291.0;39,4929641224929;-0,394004994632152
4006;1716.0;39,493027559758;-0,383232079834502
4213;100.0;39,493243645363;-0,367130106922037
4428;414.0;39,4933081745631;-0,358106027686753
4011;302.0;39,4933843087509;-0,388437996730969
4212;168.0;39,493411856468;-0,367077213540043
2615;128.0;39,4934227539288;-0,396034781515161
3816;1464.0;39,4934455930543;-0,398368663364327
3815;84.0;39,4935271536626;-0,398771625224581
4202;2982.0;39,493532259799;-0,359132089302752
4005;1976.0;39,4935456352222;-0,383260420716729
3703;2070.0;39,4936241882407;-0,37302967608555
4014;215.0;39,4936614589156;-0,386660343207835
4009;789.0;39,4936667173463;-0,389363704594168
4010;678.0;39,4936958426052;-0,389626741735421
1224;1477.0;39,4937100434179;-0,373071986868917
4015;79.0;39,493822725887;-0,386782946417495
4427;2861.0;39,4943851805926;-0,356805681625286
3807;1270.0;39,4944829209762;-0,403180425500778
4431;230.0;39,4945378107899;-0,365399435546268
3706;2012.0;39,4945965558555;-0,372010112571885
4429;392.0;39,4946113090998;-0,365782284521218
2624;920.0;39,4946119614568;-0,395724533272114
4426;2926.0;39,494728705434;-0,356368678845828
4430;239.0;39,4947710773089;-0,365378903802054
3805;1650.0;39,4948676114923;-0,401621971611524
2616;462.0;39,4948785255324;-0,396361410669471
4432;376.0;39,4948797638224;-0,365807446721462
1222;1773.0;39,4949281560404;-0,380333011872417
4012;1143.0;39,4949473600785;-0,390108737208455
4016;636.0;39,495005280531;-0,385741645604044
4425;5250.0;39,4950979155133;-0,35954786374965
4004;1635.0;39,495144423374;-0,384031394031744
4424;7084.0;39,4951650923743;-0,360426817385356
3806;136.0;39,4953067636994;-0,402514045483193
2619;202.0;39,4953324641014;-0,397729249064728
4003;1927.0;39,4954765845256;-0,383964506754414
3811;1798.0;39,4954803051589;-0,399896958147505
1212;1757.0;39,4956030390094;-0,380760979719835
3810;758.0;39,4956944522978;-0,400424349956423
3812;7816.0;39,4958589151812;-0,403231553912766
4433;339.0;39,495859548678;-0,36421618094532
4423;5280.0;39,4959205739256;-0,362377350789995
4013;1097.0;39,4959999728292;-0,388961096190161
3705;1581.0;39,4960180827733;-0,372212394946096
4422;5929.0;39,4960229179847;-0,363333731194562
4017;1266.0;39,4961078313027;-0,388218985827477
4019;419.0;39,4961326767188;-0,392891804452137
4421;6447.0;39,4965128935874;-0,364961039988542
4020;617.0;39,4966760637298;-0,393562164372959
4417;880.0;39,4970314616693;-0,36710963999556
4409;687.0;39,4970860696038;-0,381207703159544
4002;1675.0;39,4970913568491;-0,384750613548103
4420;4438.0;39,4971044199794;-0,366844723174011
4419;747.0;39,4971737962721;-0,366795824754875
4021;358.0;39,4972916810485;-0,393508831730296
4418;280.0;39,4973680158346;-0,369269487189342
4416;2162.0;39,4974826142663;-0,370568810198886
4408;375.0;39,4975605846883;-0,38119953641689
4434;1529.0;39,4976333668506;-0,371600040798518
4406;7364.0;39,4982659244216;-0,382710740661377
3831;7215.0;39,4983275928388;-0,405190739168214
4407;540.0;39,4983468551135;-0,381410318129573
4401;6942.0;39,4984396199146;-0,382420692871035
4022;159.0;39,4986545268117;-0,391444938738874
4018;7747.0;39,4986978531545;-0,387577720405253
4023;201.0;39,4988286402864;-0,3909618897565
4412;1706.0;39,4988957898008;-0,373805134775451
2626;547.0;39,4989701036636;-0,399983822590535
4413;5223.0;39,4989817094069;-0,373786538316358
4402;6698.0;39,4990042958768;-0,379909322744035
4411;6948.0;39,4990694704098;-0,379073535900323
4414;1845.0;39,4990854068269;-0,373253606563959
4414;1845.0;39,4990854068269;-0,373253606563959
2625;436.0;39,4991077902094;-0,40003960989814
2625;436.0;39,4991077902094;-0,40003960989814
4410;6869.0;39,4994217935767;-0,375571792844273
4404;675.0;39,4996807874015;-0,38138570741365
4024;364.0;39,4999111466353;-0,389328449984752
4001;7087.0;39,5002006295167;-0,388876801322589
4403;791.0;39,5002495722774;-0,381208562757559
4405;971.0;39,5003436210323;-0,381315559398865
3702;2211.0;39,501404602778;-0,369093216988852
3701;2343.0;39,501594318517;-0,369019240921592
3704;2226.0;39,5030380389606;-0,368334911152906
